Model,Mean Accuracy,Variance
Random Forest,0.6183050847457628,0.0020476732597770613
XGBoost,0.6131920903954803,0.0013466410248225832
Naive Bayes,0.5744632768361582,0.0015530552097630518
MLP,0.5931073446327684,0.005308680987796184
SVM,0.5964124293785311,0.0030069770287380155
