Model,Mean Accuracy,Variance
Random Forest,0.5135593220338983,0.004996719404456644
XGBoost,0.5168926553672316,0.002662244069215245
