,ACC,MCC,AUC,F1,Precision,Recall
MLP,0.849303742,0.319831834,0.734802474,0.353166624,0.258899965,0.633351078
RF,0.823690918,0.289805983,0.692179226,0.315281548,0.30509635,0.560244208
XGB,0.846104748,0.369852915,0.800065063,0.382127901,0.265673703,0.773195963
NB,0.812582366,0.303483508,0.730928954,0.330157467,0.248927916,0.663922056
