Type,ACC,MCC,AUC,F1,Precision,Recall
RF,0.833386887755009,0.2925612783851453,0.6826214029780363,0.31696107893260494,0.3260525894524649,0.5304924663905077
XGB,0.8164349260865812,0.36034601171341185,0.8179600332239714,0.36182239686782186,0.25100387811722513,0.8204667587265008
SVM,0.8494570239627428,0.39962732707918913,0.8188952620034312,0.4038567095857756,0.2902853900927108,0.8006146823740835
