Type,ACC,MCC,AUC,F1,Precision,Recall
MLP,0.812228784,0.33981193,0.774623443,0.348523308,0.249712177,0.74239633
SVM,0.840445382,0.389464378,0.818147628,0.392631339,0.2801752,0.803698907
RF,0.83139946,0.324981869,0.715275924,0.349509168,0.3195764,0.599348007
XGB,0.852364151,0.418750939,0.843218837,0.415653153,0.303021319,0.830937032
NB,0.719220888,-0.042684508,0.464681533,0.061508977,0.048291924,0.173274081
