Type,ACC,MCC,AUC,F1,Precision,Recall
SVM,0.77706598,0.107331522,0.571323363,0.121794915,0.211662018,0.350712437
RF,0.749976342,0.272839655,0.672225858,0.309837657,0.304709629,0.585600458
XGB,0.403393633,0.10456481,0.577385204,0.206235542,0.145663133,0.787144566
